client_health,POOR,low health,not good
client_health,FAIR,average,not good
client_health,GOOD
device_status,NOT-OK,not up,inactive,not working,offline,not online,disconnected,issues,failures,problems,anomalies,issue,anomaly,problem,failure,disconnection,not connecting,problematic,NOT OK
device_status,OK,working,active,up,not down,online,OK
firmware_version,firmware_version,"/^FL[.](([0-9]{1,4}[.])*)[0-9]{1,4}/"
group_name
group_name_regex,group_name_regex,"/(?i)group\s+(\b(\S+)\b|(""(.+?)""))/","/(?i)group name\s+(\b(\S+)\b|(""(.+?)""))/"
ip_address,ip_address,/\b(((?:25[0-5]|2[0-4][0-9]|[01]?[0-9][0-9]?)\.){3}(25[0-5]|2[0-4][0-9]|[01]?[0-9][0-9]?))\b/
label_name
label_name_regex,label_name_regex,"/(?i)label\s+(\b(\S+)\b|(""(.+?)""))/","/(?i)label name\s+(\b(\S+)\b|(""(.+?)""))/","/(?i)lable\s+(\b(\S+)\b|(""(.+?)""))/","/(?i)lable name\s+(\b(\S+)\b|(""(.+?)""))/"
mac_address,mac_address,/(?i)(((?:)[0-9a-f]{2}[:-]){5}((?:)[0-9a-f]{2}))/
partial_ip_address,partial_ip,"/\b(((25[0-5]|2[0-4][0-9]|[01]?[0-9][0-9]?)\.){1,2}(25[0-5]|2[0-4][0-9]|[01]?[0-9][0-9]?))\b/"
partial_mac_address,partial_mac,"/(?i)(((?:)[0-9A-Fa-f]{2}[:-]){1,4}((?:)[0-9A-Fa-f]{1,2})([:-][0-9A-Fa-f])?)/"
running-config,https-server,https server
running-config,spanning-tree,spanning tree,STP
running-config,interface,/^interface[ ][0-9]*\/[0-9]*\/[0-9]*/
running-config,ospf
running-config,vlan,"/^vlan [0-9]{1,4}$/"
running-config,bgp,Border Gateway Protocol 
serial_num,serial_num_regex,/(?i)serial\s*[no|no.|num|number]*\s(\b([A-Za-z]{2})([A-Za-z]*\d+)([A-Za-z0-9]*)\b)/,/(?i)((\b([A-Za-z]{2})([A-Za-z]*\d+)([A-Za-z0-9]*)\b))\sserial\s*(\bno|\bno.|\bnumber|\bnum)*/
site_name
site_name_regex,site_name_regex,"/(?i)location\s+(\b(\S+)\b|(""(.+?)""))/","/(?i)location name\s+(\b(\S+)\b|(""(.+?)""))/","/(?i)site\s+(\b(\S+)\b|(""(.+?)""))/","/(?i)site name\s+(\b(\S+)\b|(""(.+?)""))/"
status,offline,not online
status,connected,online,not offline
status,failed,connection issue
switch_device,switch,switches,hp switch,switch stack
switch_name
switch_name_regex,MAS_012_GRP
switch_name_regex,switch_name_regex,"/(?i)switch\s+(\b(\S+)\b|(""(.+?)""))/","/(?i)switch name\s+(\b(\S+)\b|(""(.+?)""))/"
