configuration sync issues for switches,ConfigSwitchDashboard
auto commit for switch audit configuration,ConfigSwitchDashboard
verify config status of switches,ConfigSwitchDashboard
manage audit for switch configuration,ConfigSwitchDashboard
local overrides for switches,ConfigSwitchDashboard
go to switch audit configuration,ConfigSwitchDashboard
failed configuration sync issues for switches,ConfigSwitchDashboard
switch configuration audit,ConfigSwitchDashboard
switch config audit,ConfigSwitchDashboard
configuration audit for switches,ConfigSwitchDashboard
configuration audit overview for switch,ConfigSwitchDashboard
configuration conflicts for switches,ConfigSwitchDashboard
dhcp settings,ConfigSwitchDhcpSnooping
switch security dhcp,ConfigSwitchDhcpSnooping
show dhcp snooping,ConfigSwitchDhcpSnooping
manage dhcp snooping for switches,ConfigSwitchDhcpSnooping
how to configure switch dhcp?,ConfigSwitchDhcpSnooping
how to do DHCP snooping?,ConfigSwitchDhcpSnooping
config dhcp snooping for switches,ConfigSwitchDhcpSnooping
security dhcp snooping,ConfigSwitchDhcpSnooping
dhcp snooping settnigs,ConfigSwitchDhcpSnooping
where to configure dhcp snooping?,ConfigSwitchDhcpSnooping
switch interface loop protection,ConfigSwitchLoop
managing loop protection,ConfigSwitchLoop
loop detection,ConfigSwitchLoop
how to configure loop protection?,ConfigSwitchLoop
how to configure switch loop protection,ConfigSwitchLoop
manage loop protection for switches,ConfigSwitchLoop
switch loop protection,ConfigSwitchLoop
loop protection setting switches,ConfigSwitchLoop
loop protection for switches,ConfigSwitchLoop
edit loop protection,ConfigSwitchLoop
port settings for loop protection,ConfigSwitchLoop
switch port priority,ConfigSwitchPoe
poe for switch ports,ConfigSwitchPoe
priority for switch ports,ConfigSwitchPoe
edit switch ports poe,ConfigSwitchPoe
how to config switch port poe,ConfigSwitchPoe
list switch ports by usage,ConfigSwitchPoe
manage poe for switch ports,ConfigSwitchPoe
how to config poe,ConfigSwitchPoe
switch ports poe,ConfigSwitchPoe
switch interface poe,ConfigSwitchPoe
manage switch interface,ConfigSwitchPorts
manage switch ports,ConfigSwitchPorts
config switch ports,ConfigSwitchPorts
switches interface,ConfigSwitchPorts
switch ports,ConfigSwitchPorts
switch port assignment,ConfigSwitchPorts
switch port,ConfigSwitchPorts
switch interface,ConfigSwitchPorts
how to config switch ports?,ConfigSwitchPorts
go to switch interface page,ConfigSwitchPorts
switch system snmp,ConfigSwitchSnmp
switch snmp configuration,ConfigSwitchSnmp
config snmp,ConfigSwitchSnmp
configure snmp for switches,ConfigSwitchSnmp
community settings for switches,ConfigSwitchSnmp
snmp comminity settings,ConfigSwitchSnmp
manage switch snmp,ConfigSwitchSnmp
how to configure snmp?,ConfigSwitchSnmp
go to snmp page,ConfigSwitchSnmp
enable snmp for switch,ConfigSwitchSnmp
trap settings for switches,ConfigSwitchSnmp
snmp trap settings,ConfigSwitchSnmp
edit switch spanning tree,ConfigSwitchStp
port and trunk group settings for spanning tree,ConfigSwitchStp
spanning tree,ConfigSwitchStp
spanning tree trunk group settings,ConfigSwitchStp
switch interface spanning tree,ConfigSwitchStp
go to spanning tree,ConfigSwitchStp
go to spanning tree configuration page,ConfigSwitchStp
spanning tree port settings,ConfigSwitchStp
manage spanning tree for switches,ConfigSwitchStp
how to config spanning tree for switches,ConfigSwitchStp
VLANs settings,ConfigSwitchVlan
how to configure VLAN?,ConfigSwitchVlan
Virtual LAN page,ConfigSwitchVlan
manage VLANs,ConfigSwitchVlan
create vlan,ConfigSwitchVlan
show me VLAN page,ConfigSwitchVlan
switch interface VLANs,ConfigSwitchVlan
create virtual lan,ConfigSwitchVlan
vlan interface,ConfigSwitchVlan
configure VLAN interface,ConfigSwitchVlan
configure VLANs,ConfigSwitchVlan
DHCP relay settings,ConfigSwitchVlan
go to switch VLAN page,ConfigSwitchVlan
manage switch firmware,SwitchArubaFirmware
1e:11:e5:77:a9:51 switch firmware version,SwitchArubaFirmware
Firmware version for switch 31:5d:14:29:d0:65,SwitchArubaFirmware
Firmware version for switches,SwitchArubaFirmware
how to upgrade switch,SwitchArubaFirmware
Manage firmware for switch,SwitchArubaFirmware
upgrade switches,SwitchArubaFirmware
Upgrade switch firmware,SwitchArubaFirmware
Failed firmware upgrade for switches,SwitchArubaFirmware
go to switch firmware page,SwitchArubaFirmware
upgrade switch,SwitchArubaFirmware
switch 2a:ec:7b:a1:8d:d8 version,SwitchArubaFirmware
switch 22:db:5d:bb:6b:21 version,SwitchArubaFirmware
Upgrade firmware for switch b2:5e:11:2a:a1:42,SwitchArubaFirmware
switch version,SwitchArubaFirmware
switch recommended version,SwitchArubaFirmware
switch firmware version,SwitchArubaFirmware
switch firmware,SwitchArubaFirmware
show switch firmware,SwitchArubaFirmware
configure switches in group group-3,SwitchConfig
configure switch BFRD029103,SwitchConfig
Configure switch 12:ac:c6:5b:51:a8,SwitchConfig
configure switch in group Orion,SwitchConfig
configure switch 4a:cc:da:5a:63:1d,SwitchConfig
configure switch group Parker,SwitchConfig
configure group airport for switch,SwitchConfig
switch group new_group configuration,SwitchConfig
configure switch group Bazar,SwitchConfig
switch configuration in group local_grp,SwitchConfig
configure switches in group template,SwitchConfig
group Calcutta-293 switch configuration,SwitchConfig
group mas_454 switch configuration,SwitchConfig
config group cluster-23 switches,SwitchConfig
configure switch in group SLR-loc,SwitchConfig
configure ap serial BRTF012394,SwitchConfig
where to configure switch,SwitchConfig
configure switch,SwitchConfig
config switches,SwitchConfig
config switch,SwitchConfig
configure switches,SwitchConfig
configuration page for switches,SwitchConfig
switch configuration,SwitchConfig
Give me switches which do not have https-server configured,Switch_config_negated
switches not in vlan 10,Switch_config_negated
list switches which do not have interface 1/2/4 setup,Switch_config_negated
list all switches except ones having ospf configured,Switch_config_negated
switches with current firmware FL.10.05.0002,SwitchInfo
switch having serial SD1249SS13,SwitchInfo
switch serial RG124W125,SwitchInfo
anomalies with switches,SwitchInfo
issues with switches,SwitchInfo
problem with switches,SwitchInfo
failures for switches,SwitchInfo
switch failures,SwitchInfo
switch problems,SwitchInfo
switch issues,SwitchInfo
switch anomalies,SwitchInfo
switch having stack-id JSD4FDGJ1,SwitchInfo
stack id KJSOMIA124 switch,SwitchInfo
KGF15SDFWRL serial switch,SwitchInfo
serial number BEJH23GSD1 switch,SwitchInfo
serial SDG24FDJJ1 switch,SwitchInfo
switch having serial RA1GS414YN,SwitchInfo
serial KJSOM12H25 switch,SwitchInfo
switch with serial GS12DEW03,SwitchInfo
switch serial CN23D00DMG,SwitchInfo
switch having serial SDG24FDJJ1,SwitchInfo
Switch MAS-Floor-1,SwitchInfo
switch 19.15.21.54,SwitchInfo
show switch ip 10.15.16.67 info,SwitchInfo
list of down switches,SwitchInfo
switches that are down,SwitchInfo
14.131.252.11 switch,SwitchInfo
show switches,SwitchInfo
status of switch 12:ac:cd:91:a3:ca,SwitchInfo
how is switch a2:01:c2:a7:9a:aa?,SwitchInfo
Show me switches,SwitchInfo
connected switches,SwitchInfo
is switch 22:3c:3a:22:ae:50 up?,SwitchInfo
switch 191.214.11.41,SwitchInfo
list all switches,SwitchInfo
down switches,SwitchInfo
switches those are down,SwitchInfo
14:ad:1d:31:a3:ca switch,SwitchInfo
Show me switch 01:0e:0d:0b:0a:02,SwitchInfo
status of 12:ac:cd:91:a3:ca switch,SwitchInfo
status of switch 121.21.55.10,SwitchInfo
switch 11.14.211.141,SwitchInfo
switch info with ip 192.15.16.18,SwitchInfo
group switches by group_name,SwitchInfo
any switch anomalies,SwitchInfo
any switch issues,SwitchInfo
any switch problems,SwitchInfo
is there any switch issue,SwitchInfo
list all switches with config vlan 102,SwitchInfo
give me switches with running config vlan 100,SwitchInfo
ip-address: 10.180.5.232,SwitchInfo
8400 switches in vlan 10,SwitchInfo
switches with model 6300 in group 2,SwitchInfo
6400 switches,SwitchInfo
switches with model 8325,SwitchInfo
switches with model 6300 in vlan 10,SwitchInfo
give all 6300 switches in group 2,SwitchInfo
all 6400 model switches in group 3,SwitchInfo
switches running with firmware FL.10.05.0001,SwitchInfo
switches in version FL.10.05.0001,SwitchInfo
switches with firmware version FL.10.05.0001,SwitchInfo
List switches in label golf link,SwitchInfo
List switches in site Morocco,SwitchInfo
switch aruba2000Switch reboot,SwitchInfo
list switches johnny-6.5,SwitchInfo
switch KetSwitch usage data,SwitchInfo
switch Switch2920 Standal uplink data,SwitchInfo
switch sreekant-switch hardware information,SwitchInfo
switch johnnyS1500-12P config status,SwitchInfo
restart switch 4880-M,SwitchInfo
Information about switch instant_c9:a4:62?,SwitchInfo
show KetSwitch switch,SwitchInfo
"status of switch ""JHONAruba-Stack""",SwitchInfo
switch NaveenK MAS-Yoda-248,SwitchInfo
Information about sreekant-switch switch?,SwitchInfo
status of switch HP-21920-48G-POEP,SwitchInfo
last reboot time of switch NaveenK MAS-Yoda-248,SwitchInfo
online switches in label 101 label,SwitchInfo
switches bang site,SwitchInfo
show switch HP-2920 2-4G-PoEP,SwitchInfo
ARUBA-Stack 2998 site switches ,SwitchInfo
SetMeUp_014 site switches ,SwitchInfo
switches SetMeUp_014,SwitchInfo
c112 site switches ,SwitchInfo
show switch aruba-STACK-M2920,SwitchInfo
how switches connected to sreekant1 switch doing?,SwitchInfo
what are all switches in 1-2,SwitchInfo
"what are all switches in ""IAP_branch""",SwitchInfo
"site ""Cigna-2"" switches",SwitchInfo
"what is the serial number of switch ""CWE_SWD_auto_1-stack""?",SwitchInfo
switch masTest stack detail,SwitchInfo
"ports for ""KetSwitch"" switch",SwitchInfo
show switch johnny-6.4-clone,SwitchInfo
IAP_HPSwitch BGW_kayal switches ,SwitchInfo
reboot switch temp-tg,SwitchInfo
switches CWE_SWD_auto_stack_2_a,SwitchInfo
list switch (lond)-1,SwitchInfo
show switches at sulvq2_net site,SwitchInfo
group XYZ TEMP switches,SwitchInfo
switch HP-2920-24G-PoEP,SwitchInfo
list switches ArubaStack2920M,SwitchInfo
show switches Switch2920 Standal,SwitchInfo
list switch instant-C8:C2:52,SwitchInfo
list switch ARUBA-Stack 2998,SwitchInfo
list switch johnnyS1500-12P,SwitchInfo
list switches peter-clone,SwitchInfo
list switches Switch9C:DC:71:EE:41:80,SwitchInfo
list switches CWE__dwdSWD_auto_stack,SwitchInfo
list switches FM_SWITCH_1231_J,SwitchInfo
list switch masTest,SwitchInfo
list switches Switch-2920-standalone,SwitchInfo
Switch dummy.V01F12T ,SwitchInfo
Switch 3810-standalone ,SwitchInfo
Switch J9727A-9C:DC:71:EE:41:80 ,SwitchInfo
Switch aruba2000Switch ,SwitchInfo
Switch johnny6.4clone ,SwitchInfo
Switch CWE_SWD_auto_stack ,SwitchInfo
"switches those are online at site ""sydney-area""",SwitchInfo
show switches at location raj area,SwitchInfo
what is the serial number of switch Aruba-Stack-2130M?,SwitchInfo
how is switch Aruba-Stack-2920M?,SwitchInfo
switches belonging to 1-3 group,SwitchInfo
"switches those are online at site ""DC-net""",SwitchInfo
switches in site _sj02-bldg site,SwitchInfo
which site S2500 48P switch connected to?,SwitchInfo
which site switch Switch-2920-standalone connected to?,SwitchInfo
online switches in label Label 05,SwitchInfo
status of switch aruba2000Switch,SwitchInfo
how is switch MAS011231?,SwitchInfo
How is switch LYNJ000006 doing?,SwitchInfo
List switches in label global village,SwitchInfo
List switches in group Aura,SwitchInfo
List switches in group TGJP,SwitchInfo
List switches in group default,SwitchInfo
List switches in label business park,SwitchInfo
List switches in group hallmark,SwitchInfo
ports for switch Aruba-Stack-381w0M,SwitchInfo
switches that are up in joey2,SwitchInfo
aruba-STACK-M2920 switch configuration status,SwitchInfo
switch ArubaStack2920M usage details,SwitchInfo
what is ip of switch LAB-RFBOX1 CORVINA?,SwitchInfo
list of switches for group Mubeesh,SwitchInfo
switch stack-grp having issues,SwitchInfo
show switches for group johnny_6.4,SwitchInfo
status of switch c112,SwitchInfo
johnny-import-iap-unpro group switches,SwitchInfo
IAP_branch group switches,SwitchInfo
switch name 1-1,SwitchInfo
switch name johnny-6.4-clone,SwitchInfo
switch CWE_SWD_auto_stack,SwitchInfo
switches those are online at site site14,SwitchInfo
switches in site di12,SwitchInfo
"what are all switches in group ""TESTY""",SwitchInfo
what is ip of switch instant_c9:a4:62?,SwitchInfo
switches belonging to group chennai_branch,SwitchInfo
list of switches in brr-mnc_loc label,SwitchInfo
total clients for switch HP-2920 2-4G-PoEP,SwitchInfo
"ip of switch ""3810-standalone""",SwitchInfo
switches belongs to site Aruba_001,SwitchInfo
how is switch Aruba-4880M?,SwitchInfo
information about switch maxwel6.4clone,SwitchInfo
list offline switches in site site 08 for group blr aruba_net,SwitchInfo
list of switches for group IAP_BGW_Kayal,SwitchInfo
"switch ""Aruba-Stack-2130M"" stack detail",SwitchInfo
bang site switch configuration status,SwitchInfo
switch john-gg stack detail,SwitchInfo
contact for switch UCC,SwitchInfo
reboot switch Aruba-Stack-2130M,SwitchInfo
show switches label label6 info,SwitchInfo
switches belongs to site BLR-01-branch,SwitchInfo
switch ArubaStack2920M uplink data,SwitchInfo
location of switch instant-CA:25:56,SwitchInfo
ports for switch instant-C8:C2:52,SwitchInfo
switch detail Jhon Switch,SwitchInfo
what are all switches in group MUBEESH1q212,SwitchInfo
list of switches in label junk,SwitchInfo
how switches connected to group starc-11 doing?,SwitchInfo
how switches connected to group Test123 doing?,SwitchInfo
what are all switches in group CWE_SWD_auto_stack_2,SwitchInfo
switches that are up in site solar loc,SwitchInfo
switch detail CWE_SWD_auto_1-stack,SwitchInfo
site blr-aura switches,SwitchInfo
switches in mnr-loc group,SwitchInfo
"group switches by group ""testcert""",SwitchInfo
switches that are up in site Aruba_001,SwitchInfo
switches in group joh-new,SwitchInfo
list switches at site London,SwitchInfo
"group switches by group ""sachin-cwe-switch""",SwitchInfo
"switches in group ""DC-West""",SwitchInfo
site branch001 switches,SwitchInfo
switches those are online at MJ 001,SwitchInfo
which site switch not a1 connected to?,SwitchInfo
is switch CWE_SWD_1 auto_stack down?,SwitchInfo
site adv net switches,SwitchInfo
SetMeUp_CF:9B:8C switch,SwitchInfo
list switches ARUBA-Stack 2998,SwitchInfo
show switch temp-tg,SwitchInfo
show switches HP-2920-24G-PoEP,SwitchInfo
show switches J9727A-9C:DC:71:EE:41:80,SwitchInfo
show switches c112,SwitchInfo
show switch ARUBA-Stack 2998,SwitchInfo
show switch masTest,SwitchInfo
show switch J9727A-9C:DC:71:EE:41:80,SwitchInfo
show switch instant-CA:25:56,SwitchInfo
"site ""santclr"" switches",SwitchInfo
online switches in SLR label,SwitchInfo
"what is the serial number of switch ""stack-aruba3330N""?",SwitchInfo
site solar loc switches,SwitchInfo
"is switch ""S2500 48P"" down?",SwitchInfo
"is switch ""ArubaStack3301-M"" down?",SwitchInfo
is switch Test_Yoda_Gouri down?,SwitchInfo
show switches at site HPE,SwitchInfo
show Switch-2920-standalone switch,SwitchInfo
is switch Aruba-Stack-381w0M down?,SwitchInfo
kjkjkjkj group switches,SwitchInfo
"switches in group ""joy-sw-tg""",SwitchInfo
list switches at sydney-area,SwitchInfo
list offline switches at BLR-01-branch for cwe_sundar,SwitchInfo
"is switch ""SetMeUp-C0::38"" down?",SwitchInfo
show switches for IAP-group,SwitchInfo
show me switches for global net,SwitchInfo
"site ""mk 008"" switches",SwitchInfo
show switch Aruba_Stack_4404_M,SwitchInfo
"ip of switch ""stack-aruba3330N""",SwitchInfo
show switches label johnny-jb info,SwitchInfo
what is the serial number of switch HP-21920-48G-POEP?,SwitchInfo
show switches with sum loc,SwitchInfo
switches in site 01,SwitchInfo
online switches in gabr_01,SwitchInfo
which site johnny-6.4-clone switch connected to?,SwitchInfo
information about switch Test_Yoda_Gouri,SwitchInfo
Information about instant-C8:C2:52 switch?,SwitchInfo
show switches at label jo,SwitchInfo
show me switch instant-C8:C2:52,SwitchInfo
show switch HP-2920-24G-PoEP,SwitchInfo
ip of switch 3810-standalone,SwitchInfo
"what is the serial number of switch ""HP-2920-24G-PoEP""?",SwitchInfo
show me switch 250_demo,SwitchInfo
switch name CWE_SWD_auto_stack_2_a,SwitchInfo
switches in aws-121,SwitchInfo
how is switch IAP_HPSwitch BGW_kayal?,SwitchInfo
"group switches by ""bang-1""",SwitchInfo
last reboot time of switch johnnyclone,SwitchInfo
switch aruba-STACK-M2920 configuration status,SwitchInfo
show switches at site 06,SwitchInfo
"switches those are online at  ""global net""",SwitchInfo
contact for switch MD-CWE1,SwitchInfo
site joey2 switches,SwitchInfo
show switches site johnny-si info,SwitchInfo
switch issues in site mas stack loc,SwitchInfo
switches belongs to sulvq2_net,SwitchInfo
list of switches in Label-04,SwitchInfo
port details for switch 4880-M site,SwitchInfo
group mnc-world-11 switches,SwitchInfo
total clients for switch maxwel6.4clone,SwitchInfo
switch Aruba-Stack-2920M uplink data,SwitchInfo
list switches for global net,SwitchInfo
switch detail not a1,SwitchInfo
switches belonging to CWE_SWD,SwitchInfo
what are all switches in site adv net,SwitchInfo
Information about Aruba-4880M switch?,SwitchInfo
Information about switch john-gg?,SwitchInfo
show switches at label Alpha-Aruba-Santa Clara,SwitchInfo
show me switch Aruba-4880M,SwitchInfo
show switch BEN-24GPoEP,SwitchInfo
Information about switch SK?,SwitchInfo
who all are connected to switch at stack-label label,SwitchInfo
switches 1-1,SwitchInfo
list switches for label aruba_net,SwitchInfo
list switches for label blr-net,SwitchInfo
list switches for label shr_1,SwitchInfo
how switches connected to group so_man-branch doing?,SwitchInfo
reboot switch instant-C4:01:E2,SwitchInfo
contact for switch peter-clone,SwitchInfo
"switch ""HP-21920-48G-POEP"" stack detail",SwitchInfo
switch CWE_SWD_auto_stack uplink data,SwitchInfo
"ports for ""LAB-RFBOX1 CORVINA"" switch",SwitchInfo
switch Test_Yoda_Gouri usage details,SwitchInfo
switch switch 2920 configuration status,SwitchInfo
"ports for ""HP-21920-48G-POEP"" switch",SwitchInfo
switch lab_rf switch2021_M configuration status,SwitchInfo
last reboot time of switch maxwel6.4clone,SwitchInfo
list of switches in label sum loc,SwitchInfo
list of switches in site Johannesburg,SwitchInfo
list of switches in net-11-label label,SwitchInfo
"what are all switches in group ""AP_test""",SwitchInfo
List switches in site Santa clara,SwitchInfo
List switches in site cafe@18-reception,SwitchInfo
"switch ""ArubaStack3301-M"" stack detail",SwitchInfo
port details for switch NaveenK MAS-Yoda-248,SwitchInfo
list of switches in site site(03),SwitchInfo
what are all switches in site Delhi 01-site,SwitchInfo
switch Aruba-4880M stack detail,SwitchInfo
port details for switch bang site,SwitchInfo
list offline switches in site brr-mnc loc for group new-grp1,SwitchInfo
what are all switches in site gdbd_net,SwitchInfo
location of switch CWE_SWD,SwitchInfo
250_demo switch configuration status,SwitchInfo
list of switches for group johnny-none-tg,SwitchInfo
total clients for switch bang site,SwitchInfo
group switches by group ap-group,SwitchInfo
show Aruba-Stack-2920M switch,SwitchInfo
show switches at site Dhruv-cigna-12,SwitchInfo
show switches at _office-net label,SwitchInfo
show me switches for label blr-01,SwitchInfo
list switches at site chn-aura-net,SwitchInfo
information about switch johnnyS1500-12P,SwitchInfo
ip of switch CWE_SWD_auto_1-stack,SwitchInfo
show switches site hyd-net info,SwitchInfo
switches belonging to c1 group,SwitchInfo
what is the serial number of switch ArubaStack3301-M?,SwitchInfo
show switches at location site6,SwitchInfo
show switches for group CWE_SWD_auto_stack,SwitchInfo
site mnc-loc switches,SwitchInfo
group Test123 switches,SwitchInfo
switches in TEST1233 group,SwitchInfo
"switches in group ""AWS-brach""",SwitchInfo
ip of switch UCC,SwitchInfo
"ip of switch ""maxwel6.4clone""",SwitchInfo
show switches at delhi 11-abc site,SwitchInfo
show switches for johnn clone group,SwitchInfo
"status of switch ""Aruba_Stack_4404_M""",SwitchInfo
"status of switch ""250_demo""",SwitchInfo
online switches in label Label 02,SwitchInfo
which site switch ArubaStack3301-M connected to?,SwitchInfo
which site FM_SWITCH_1231_J switch connected to?,SwitchInfo
group switches by group starc-11,SwitchInfo
switch lab 05 usage details,SwitchInfo
ports for switch Switch2920 Standal,SwitchInfo
show switches at hyd-network label,SwitchInfo
show me switches for label johnny-in,SwitchInfo
branch office switch,SwitchInfo
SetMeUp-C0::38 switch,SwitchInfo
switches those are online at site HA-VSF BGWPAIR-SITE,SwitchInfo
switches in group livepcap,SwitchInfo
show switches site office-ab info,SwitchInfo
show switches label ss info,SwitchInfo
switches belonging to group dummysanjay,SwitchInfo
what is ip of switch stack-aruba3330N?,SwitchInfo
list of switches in blr label-1,SwitchInfo
location of switch JHONAruba-Stack,SwitchInfo
problem switches,SwitchInfo
switch CWE_SWD_auto_1 routing details,SwitchInfo
show switch issues,SwitchInfo
serial HAJIPUR2Q switch in group yoda-tst1 private,SwitchInfo
switch with serial KH12402DD,SwitchInfo
switch reboot,SwitchList
switch routing information,SwitchList
switch routing details,SwitchList
switch hardware information,SwitchList
switch usage details,SwitchList
last reboot switch,SwitchList
configuration status of switches,SwitchList
switch config status,SwitchList
switch usage data,SwitchList
switch uplink data,SwitchList
switch hardware status,SwitchList
restart switch,SwitchList
reboot switch,SwitchList
Show switches with vlan configured on the interface 1/1/25,Switch_runnin_config
list switches with STP set up,Switch_runnin_config
switches with spanning tree setup,Switch_runnin_config
give me switch having vlan 10 config,Switch_runnin_config
list switches with interface 1/2/4,Switch_runnin_config
switches with vlan assigned to interface 1/1/15,Switch_runnin_config
switches with interface 1/1/2 associated with vlan 10,Switch_runnin_config
switches having vlan 10 set up,Switch_runnin_config
switches with spanning tree protocol set up,Switch_runnin_config
switches having interface 1/2/2,Switch_runnin_config
give me switches with https server set up,Switch_runnin_config
give all switches with bgp configured,Switch_runnin_config
list switches with ospf configured,Switch_runnin_config
list devices with ospf configured,Switch_runnin_config
switches with vlan 100,Switch_runnin_config
list all switches with vlan 10 configured,Switch_runnin_config
give switches having vlan 200 configured,Switch_runnin_config
show switches with config vlan 50,Switch_runnin_config
give me  switch with config vlan 80,Switch_runnin_config
running-config:vlan 10,Switch_runnin_config
switches with https-server configured.,Switch_runnin_config
switches with spanning-tree protocol configured,Switch_runnin_config
